name,company
Socorro Thomas,KYAGURU
Jennings Lynn,COWTOWN
Anthony Ayala,FLUMBO
Shana Dodson,TERRASYS
Tameka Atkins,"ELEMANTRA"
Shannon Hodges,ISOLOGIA
Candace Crane,NIPAZ
Eleanor Lawrence,DAISU
Mitchell Steele,KNEEDLES
Kate Schultz,LIQUICOM
Bridges Harrison,GEEKMOSIS
Hervé King,DUFLEX
Hervé King,DUFLEX
Hervé King,DUFLEX
Hervé King,DUFLEX
Hervé King,DUFLEX
Hervé King,DUFLEX
Hervé King,DUFLEX
Hervé King,DUFLEX
Hervé King,DUFLEX
Hervé King,DUFLEX
Hervé King,DUFLEX
Hervé King,DUFLEX
Hervé King,DUFLEX
Hervé King,DUFLEX
Hervé King,DUFLEX
Shana Dodson,TERRASYS
Tameka Atkins,"ELEMANTRA"
Shana Dodson,TERRASYS
Tameka Atkins,"ELEMANTRA"
Shana Dodson,TERRASYS
Tameka Atkins,"ELEMANTRA"
Shana Dodson,TERRASYS
Tameka Atkins,"ELEMANTRA"
Shana Dodson,TERRASYS
Tameka Atkins,"ELEMANTRA"
Shana Dodson,TERRASYS
Tameka Atkins,"ELEMANTRA"
Shana Dodson,TERRASYS
Tameka Atkins,"ELEMANTRA"
Shana Dodson,TERRASYS
Tameka Atkins,"ELEMANTRA"
Shana Dodson,TERRASYS
Tameka Atkins,"ELEMANTRA"
Shana Dodson,TERRASYS
Tameka Atkins,"ELEMANTRA"
Shana Dodson,TERRASYS
Tameka Atkins,"ELEMANTRA"
Shana Dodson,TERRASYS
Tameka Atkins,"ELEMANTRA"
Shana Dodson,TERRASYS
Tameka Atkins,"ELEMANTRA"
Shana Dodson,TERRASYS
Tameka Atkins,"ELEMANTRA"
Shana Dodson,TERRASYS
Tameka Atkins,"ELEMANTRA"
Shana Dodson,TERRASYS
Tameka Atkins,"ELEMANTRA"
Shana Dodson,TERRASYS
Tameka Atkins,"ELEMANTRA"
Shana Dodson,TERRASYS
Tameka Atkins,"ELEMANTRA"
Shana Dodson,TERRASYS
Tameka Atkins,"ELEMANTRA"
Shana Dodson,TERRASYS
Tameka Atkins,"ELEMANTRA"
Shana Dodson,TERRASYS
Socorro Thomas,KYAGURU
Tameka Atkins,"ELEMANTRA"
